[
  {
    "id": 1,
    "image": "project_img.jpg",
    "title": "Project Example",
    "category": "3D Print",
    "description": "Lorem ipsum dolor sit amet consectetur adipisicing elit. Distinctio ab optio quis culpa omnis natus, incidunt cupiditate blanditiis beatae veniam minus quos voluptatibus exercitationem vero perspiciatis itaque repudiandae, ipsam, pariatur rem dolore voluptatum dolor enim at cumque! Repellat officia labore sunt enim rerum consectetur dolorum. Voluptate necessitatibus neque ducimus voluptatem tempora excepturi qui, tenetur repellat ratione doloremque optio nam impedit sit cumque recusandae quae expedita obcaecati? Aspernatur expedita dolorem, non optio nobis repellat, iste vel, quo facilis culpa ducimus possimus."
  },
  {
    "id": 2,
    "image": "project_img.jpg",
    "title": "Project Example",
    "category": "3D Print",
    "description": "Lorem ipsum dolor sit amet consectetur adipisicing elit. Distinctio ab optio quis culpa omnis natus, incidunt cupiditate blanditiis beatae veniam minus quos voluptatibus exercitationem vero perspiciatis itaque repudiandae, ipsam, pariatur rem dolore voluptatum dolor enim at cumque! Repellat officia labore sunt enim rerum consectetur dolorum. Voluptate necessitatibus neque ducimus voluptatem tempora excepturi qui, tenetur repellat ratione doloremque optio nam impedit sit cumque recusandae quae expedita obcaecati? Aspernatur expedita dolorem, non optio nobis repellat, iste vel, quo facilis culpa ducimus possimus."
  },
  {
    "id": 3,
    "image": "project_img.jpg",
    "title": "Project Example",
    "category": "3D Print",
    "description": "Lorem ipsum dolor sit amet consectetur adipisicing elit. Distinctio ab optio quis culpa omnis natus, incidunt cupiditate blanditiis beatae veniam minus quos voluptatibus exercitationem vero perspiciatis itaque repudiandae, ipsam, pariatur rem dolore voluptatum dolor enim at cumque! Repellat officia labore sunt enim rerum consectetur dolorum. Voluptate necessitatibus neque ducimus voluptatem tempora excepturi qui, tenetur repellat ratione doloremque optio nam impedit sit cumque recusandae quae expedita obcaecati? Aspernatur expedita dolorem, non optio nobis repellat, iste vel, quo facilis culpa ducimus possimus."
  },
  {
    "id": 4,
    "image": "project_img.jpg",
    "title": "Project Example",
    "category": "3D Print",
    "description": "Lorem ipsum dolor sit amet consectetur adipisicing elit. Distinctio ab optio quis culpa omnis natus, incidunt cupiditate blanditiis beatae veniam minus quos voluptatibus exercitationem vero perspiciatis itaque repudiandae, ipsam, pariatur rem dolore voluptatum dolor enim at cumque! Repellat officia labore sunt enim rerum consectetur dolorum. Voluptate necessitatibus neque ducimus voluptatem tempora excepturi qui, tenetur repellat ratione doloremque optio nam impedit sit cumque recusandae quae expedita obcaecati? Aspernatur expedita dolorem, non optio nobis repellat, iste vel, quo facilis culpa ducimus possimus."
  },
  {
    "id": 5,
    "image": "project_img.jpg",
    "title": "Project Example",
    "category": "2D Print",
    "description": "Lorem ipsum dolor sit amet consectetur adipisicing elit. Distinctio ab optio quis culpa omnis natus, incidunt cupiditate blanditiis beatae veniam minus quos voluptatibus exercitationem vero perspiciatis itaque repudiandae, ipsam, pariatur rem dolore voluptatum dolor enim at cumque! Repellat officia labore sunt enim rerum consectetur dolorum. Voluptate necessitatibus neque ducimus voluptatem tempora excepturi qui, tenetur repellat ratione doloremque optio nam impedit sit cumque recusandae quae expedita obcaecati? Aspernatur expedita dolorem, non optio nobis repellat, iste vel, quo facilis culpa ducimus possimus."
  },
  {
    "id": 6,
    "image": "project_img.jpg",
    "title": "Project Example",
    "category": "2D Print",
    "description": "Lorem ipsum dolor sit amet consectetur adipisicing elit. Distinctio ab optio quis culpa omnis natus, incidunt cupiditate blanditiis beatae veniam minus quos voluptatibus exercitationem vero perspiciatis itaque repudiandae, ipsam, pariatur rem dolore voluptatum dolor enim at cumque! Repellat officia labore sunt enim rerum consectetur dolorum. Voluptate necessitatibus neque ducimus voluptatem tempora excepturi qui, tenetur repellat ratione doloremque optio nam impedit sit cumque recusandae quae expedita obcaecati? Aspernatur expedita dolorem, non optio nobis repellat, iste vel, quo facilis culpa ducimus possimus."
  },
  {
    "id": 7,
    "image": "project_img.jpg",
    "title": "Project Example",
    "category": "2D Print",
    "description": "Lorem ipsum dolor sit amet consectetur adipisicing elit. Distinctio ab optio quis culpa omnis natus, incidunt cupiditate blanditiis beatae veniam minus quos voluptatibus exercitationem vero perspiciatis itaque repudiandae, ipsam, pariatur rem dolore voluptatum dolor enim at cumque! Repellat officia labore sunt enim rerum consectetur dolorum. Voluptate necessitatibus neque ducimus voluptatem tempora excepturi qui, tenetur repellat ratione doloremque optio nam impedit sit cumque recusandae quae expedita obcaecati? Aspernatur expedita dolorem, non optio nobis repellat, iste vel, quo facilis culpa ducimus possimus."
  },
  {
    "id": 8,
    "image": "project_img.jpg",
    "title": "Project Example",
    "category": "Art",
    "description": "Lorem ipsum dolor sit amet consectetur adipisicing elit. Distinctio ab optio quis culpa omnis natus, incidunt cupiditate blanditiis beatae veniam minus quos voluptatibus exercitationem vero perspiciatis itaque repudiandae, ipsam, pariatur rem dolore voluptatum dolor enim at cumque! Repellat officia labore sunt enim rerum consectetur dolorum. Voluptate necessitatibus neque ducimus voluptatem tempora excepturi qui, tenetur repellat ratione doloremque optio nam impedit sit cumque recusandae quae expedita obcaecati? Aspernatur expedita dolorem, non optio nobis repellat, iste vel, quo facilis culpa ducimus possimus."
  },
  {
    "id": 9,
    "image": "project_img.jpg",
    "title": "Project Example",
    "category": "Art",
    "description": "Lorem ipsum dolor sit amet consectetur adipisicing elit. Distinctio ab optio quis culpa omnis natus, incidunt cupiditate blanditiis beatae veniam minus quos voluptatibus exercitationem vero perspiciatis itaque repudiandae, ipsam, pariatur rem dolore voluptatum dolor enim at cumque! Repellat officia labore sunt enim rerum consectetur dolorum. Voluptate necessitatibus neque ducimus voluptatem tempora excepturi qui, tenetur repellat ratione doloremque optio nam impedit sit cumque recusandae quae expedita obcaecati? Aspernatur expedita dolorem, non optio nobis repellat, iste vel, quo facilis culpa ducimus possimus."
  },
  {
    "id": 10,
    "image": "project_img.jpg",
    "title": "Project Example",
    "category": "Art",
    "description": "Lorem ipsum dolor sit amet consectetur adipisicing elit. Distinctio ab optio quis culpa omnis natus, incidunt cupiditate blanditiis beatae veniam minus quos voluptatibus exercitationem vero perspiciatis itaque repudiandae, ipsam, pariatur rem dolore voluptatum dolor enim at cumque! Repellat officia labore sunt enim rerum consectetur dolorum. Voluptate necessitatibus neque ducimus voluptatem tempora excepturi qui, tenetur repellat ratione doloremque optio nam impedit sit cumque recusandae quae expedita obcaecati? Aspernatur expedita dolorem, non optio nobis repellat, iste vel, quo facilis culpa ducimus possimus."
  }
]
