[
  {
    "img": "./project_img.jpg",
    "title": "TERRAMECH MOBILITY LAB",
    "subtitle": "INNOVATION - ENGINEERING - EXPERIMENTAL - EFFICIENCY",
    "headline": "THIS STORY IS NOT ONLY ABOUT ROBUST MACHINES, BUT ALSO ABOUT THE ENGINEERED ESSENCE OF MOBILITY",
    "mission": "We push the boundaries of engineering with innovation and precision, creating not only durable but also intelligently designed solutions for future mobility.",
    "call_to_arms_title": "READY TO UNWIND & CONNECT?",
    "call_to_arms_desc": "Join us at our lab, where ideas become reality, and visionaries har...",
    "latest_projects": true
  }
]
