[
  {
    "title": "Terms and Conditions",
    "last_updated": "2025-08-01",
    "sections": [
      {
        "heading": "1. Introduction",
        "content": "These Terms and Conditions govern your use of our website and services. By accessing or using our platform, you agree to be bound by these terms."
      },
      {
        "heading": "2. Intellectual Property",
        "content": "All content, trademarks, and data on this website are the property of Terramech Mobility Lab or its licensors."
      },
      {
        "heading": "3. User Responsibilities",
        "content": "Users must not misuse the platform or engage in any activity that disrupts its functionality or security."
      },
      {
        "heading": "4. Limitation of Liability",
        "content": "Terramech Mobility Lab is not liable for any damages arising from the use or inability to use the website."
      }
    ]
  }
]
