[
  {
    "id": "1",
    "img": "./project_img.jpg",
    "title": "INSCRIPTO",
    "subtitle": "3D MODELING - 2D DRAWING  - RENDERING - RAPID PROTOTYPING - VECTOR DESIGN",
    "headline": "CRAFTING PRECISION, INSPIRING INNOVATION IN 3D DESIGN AND VISUALISATION",
    "mission": "We empower innovation through precision and creativity in 3D modeling, drafting and visualization. Our mission is to deliver exceptional 2D technical drawings, high-quality renderings, and cutting-edge 3D printing and rapid prototyping solutions. By specializing in reverse engineering, CAD file conversion, vector design, illustration, and logo design, we transform ideas into tangible realities. Committed to excellence, we provide tailored, industry-leading services that inspire, innovate, and exceed our clients expectations, driving their projects from concept to completion with unparalleled expertise and passion.",
    "call_to_arms_title": "TRANSFORM YOUR VISION TODAY",
    "call_to_arms_desc": "Contact Inscripto now to bring your ideas to life with our expert 3D modeling, drafting, and visualization services. Let's create something extraordinary together!",
    "latest_projects": "1"
  }
]
